10,Jeff34,New Dessie,3,https://s3.amazonaws.com/uifaces/faces/twitter/aaronkwhite/128.jpg
9,Gisselle30,East Davemouth,5,https://s3.amazonaws.com/uifaces/faces/twitter/thedamianhdez/128.jpg
8,Lauriane.Kunde,Lake Lelamouth,9,https://s3.amazonaws.com/uifaces/faces/twitter/antongenkin/128.jpg
7,Fletcher11,East Berry,7,https://s3.amazonaws.com/uifaces/faces/twitter/dawidwu/128.jpg
6,Gerson4,Boylefort,6,https://s3.amazonaws.com/uifaces/faces/twitter/shaneIxD/128.jpg
5,Marisol.Howell,Skilestown,0,https://s3.amazonaws.com/uifaces/faces/twitter/kurafire/128.jpg
4,Dandre_Kihn,New Christianton,6,https://s3.amazonaws.com/uifaces/faces/twitter/edgarchris99/128.jpg
3,Lew96,Lake Rudolph,7,https://s3.amazonaws.com/uifaces/faces/twitter/jordyvdboom/128.jpg
2,Madalyn51,Alvertatown,3,https://s3.amazonaws.com/uifaces/faces/twitter/hellofeverrrr/128.jpg
1,Dorothy.Emard,North Zionport,3,https://s3.amazonaws.com/uifaces/faces/twitter/enjoythetau/128.jpg
